Model,Accuracy,Precision,Recall,ROC_AUC
Logistic Regression,0.8381742738589212,0.8603603603603603,0.9597989949748744,0.7445561139028476
Decision Tree,0.7634854771784232,0.8349056603773585,0.8894472361809045,0.576214405360134
Random Forest,0.8298755186721992,0.8347457627118644,0.9899497487437185,0.6877841588896866
